<ImportExportXml xmlns:xsi="http://www.w3.org/2001/XMLSchema-instance">
  <Entities></Entities>
  <Roles></Roles>
  <Workflows></Workflows>
  <FieldSecurityProfiles></FieldSecurityProfiles>
  <Templates />
  <EntityMaps />
  <EntityRelationships />
  <OrganizationSettings />
  <optionsets />
  <CustomControls />
  <EntityDataProviders />
  <CanvasApps>
    <CanvasApp>
      <Name>msc365_PowerCanvasTemplate</Name>
      <AppVersion>2023-08-04T11:41:45Z</AppVersion>
      <Status>Ready</Status>
      <CreatedByClientVersion>3.23074.15.0</CreatedByClientVersion>
      <MinClientVersion>3.23074.15.0</MinClientVersion>
      <Tags>{"primaryDeviceWidth":"1366","primaryDeviceHeight":"768","supportsPortrait":"true","supportsLandscape":"true","primaryFormFactor":"Tablet","publisherVersion":"3.23074.15","minimumRequiredApiVersion":"2.2.0","hasComponent":"false","hasUnlockedComponent":"false","isUnifiedRootApp":"false","sienaVersion":"20230804T111156Z-3.23074.15.0","showStatusBar":"false"}</Tags>
      <IsCdsUpgraded>0</IsCdsUpgraded>
      <GalleryItemId xsi:nil="true"></GalleryItemId>
      <BackgroundColor>rgba(27, 121, 176, 1)</BackgroundColor>
      <DisplayName>MSc365 - Canvas Template</DisplayName>
      <Description xsi:nil="true"></Description>
      <CommitMessage>Release 230804.0</CommitMessage>
      <Publisher xsi:nil="true"></Publisher>
      <AuthorizationReferences>[]</AuthorizationReferences>
      <ConnectionReferences>{}</ConnectionReferences>
      <DatabaseReferences>{}</DatabaseReferences>
      <AppComponents>[]</AppComponents>
      <AppComponentDependencies>[]</AppComponentDependencies>
      <CanConsumeAppPass>1</CanConsumeAppPass>
      <CanvasAppType>0</CanvasAppType>
      <BypassConsent>0</BypassConsent>
      <AdminControlBypassConsent>0</AdminControlBypassConsent>
      <EmbeddedApp xsi:nil="true"></EmbeddedApp>
      <IntroducedVersion>1.0</IntroducedVersion>
      <CdsDependencies>{"cdsdependencies":[]}</CdsDependencies>
      <IsCustomizable>1</IsCustomizable>
      <BackgroundImageUri>/CanvasApps/msc365_PowerCanvasTemplate_BackgroundImageUri</BackgroundImageUri>
      <DocumentUri>/CanvasApps/msc365_PowerCanvasTemplate_DocumentUri.msapp</DocumentUri>
    </CanvasApp>
    <CanvasApp>
      <Name>msc365_PowerLibrary</Name>
      <AppVersion>2023-08-04T11:21:16Z</AppVersion>
      <Status>Ready</Status>
      <CreatedByClientVersion>3.23074.15.0</CreatedByClientVersion>
      <MinClientVersion>3.23074.15.0</MinClientVersion>
      <Tags>{"primaryDeviceWidth":"58","primaryDeviceHeight":"768","supportsPortrait":"true","supportsLandscape":"true","primaryFormFactor":"Phone","publisherVersion":"3.23074.15","minimumRequiredApiVersion":"2.2.0","hasComponent":"true","hasUnlockedComponent":"true","isUnifiedRootApp":"false","sienaVersion":"20230804T092312Z-3.23074.15.0","showStatusBar":"false"}</Tags>
      <IsCdsUpgraded>0</IsCdsUpgraded>
      <GalleryItemId xsi:nil="true"></GalleryItemId>
      <BackgroundColor>rgba(238, 82, 9, 1)</BackgroundColor>
      <DisplayName>MSc365 - Canvas Power Library</DisplayName>
      <Description>Components library with a fully customizable theme.</Description>
      <CommitMessage>Release 230804.0</CommitMessage>
      <Publisher xsi:nil="true"></Publisher>
      <AuthorizationReferences>[]</AuthorizationReferences>
      <ConnectionReferences>{}</ConnectionReferences>
      <DatabaseReferences>{}</DatabaseReferences>
      <AppComponents>[{"appComponentName":"65284a79f9a946cbb013edcd588596d9","displayName":"Menu","appName":"0954c1d3-6a8a-4656-a770-8c2e705dcf81","appVersion":"2023-08-04T11:21:16Z","appComponentLibraryLogicalName":"msc365_powerlibrary","appDisplayName":"MSc365 - Canvas Power Library","environmentName":"default-fcac7591-d1b4-4483-9c19-cc9e12c03f7b","owner":{"id":"f36c00e4-a1ac-4f8f-9fce-c08ae408d858","displayName":"Global Administrator","email":"admin@msc365x02.onmicrosoft.com","type":"User","tenantId":"fcac7591-d1b4-4483-9c19-cc9e12c03f7b","userPrincipalName":"admin@msc365x02.onmicrosoft.com"},"allowCustomization":true,"createdOn":"2023-08-02T14:50:16.41Z","lastModifiedOn":"2023-08-04T11:19:08.614Z","connectionReferences":{},"databaseReferences":{}},{"appComponentName":"78b84d3cfe1a471a8e99d6e87c78f5c9","displayName":"Dialog","appName":"0954c1d3-6a8a-4656-a770-8c2e705dcf81","appVersion":"2023-08-04T11:21:16Z","appComponentLibraryLogicalName":"msc365_powerlibrary","appDisplayName":"MSc365 - Canvas Power Library","environmentName":"default-fcac7591-d1b4-4483-9c19-cc9e12c03f7b","owner":{"id":"f36c00e4-a1ac-4f8f-9fce-c08ae408d858","displayName":"Global Administrator","email":"admin@msc365x02.onmicrosoft.com","type":"User","tenantId":"fcac7591-d1b4-4483-9c19-cc9e12c03f7b","userPrincipalName":"admin@msc365x02.onmicrosoft.com"},"allowCustomization":true,"createdOn":"2023-08-02T14:50:16.41Z","lastModifiedOn":"2023-08-04T11:19:08.614Z","connectionReferences":{},"databaseReferences":{}},{"appComponentName":"8a501f88ab8c447bae5dc1560a09faad","displayName":"Panel","appName":"0954c1d3-6a8a-4656-a770-8c2e705dcf81","appVersion":"2023-08-04T11:21:16Z","appComponentLibraryLogicalName":"msc365_powerlibrary","appDisplayName":"MSc365 - Canvas Power Library","environmentName":"default-fcac7591-d1b4-4483-9c19-cc9e12c03f7b","owner":{"id":"f36c00e4-a1ac-4f8f-9fce-c08ae408d858","displayName":"Global Administrator","email":"admin@msc365x02.onmicrosoft.com","type":"User","tenantId":"fcac7591-d1b4-4483-9c19-cc9e12c03f7b","userPrincipalName":"admin@msc365x02.onmicrosoft.com"},"allowCustomization":true,"createdOn":"2023-08-02T14:50:16.41Z","lastModifiedOn":"2023-08-04T11:19:08.614Z","connectionReferences":{},"databaseReferences":{}},{"appComponentName":"88cf808fd9eb44bbb3c117612f0a6fb8","displayName":"Spinner","appName":"0954c1d3-6a8a-4656-a770-8c2e705dcf81","appVersion":"2023-08-04T11:21:16Z","appComponentLibraryLogicalName":"msc365_powerlibrary","appDisplayName":"MSc365 - Canvas Power Library","environmentName":"default-fcac7591-d1b4-4483-9c19-cc9e12c03f7b","owner":{"id":"f36c00e4-a1ac-4f8f-9fce-c08ae408d858","displayName":"Global Administrator","email":"admin@msc365x02.onmicrosoft.com","type":"User","tenantId":"fcac7591-d1b4-4483-9c19-cc9e12c03f7b","userPrincipalName":"admin@msc365x02.onmicrosoft.com"},"allowCustomization":true,"createdOn":"2023-08-02T14:50:16.41Z","lastModifiedOn":"2023-08-04T11:19:08.614Z","connectionReferences":{},"databaseReferences":{}},{"appComponentName":"1eabf83952a04997b5631ae4f620c4df","displayName":"Progress","appName":"0954c1d3-6a8a-4656-a770-8c2e705dcf81","appVersion":"2023-08-04T11:21:16Z","appComponentLibraryLogicalName":"msc365_powerlibrary","appDisplayName":"MSc365 - Canvas Power Library","environmentName":"default-fcac7591-d1b4-4483-9c19-cc9e12c03f7b","owner":{"id":"f36c00e4-a1ac-4f8f-9fce-c08ae408d858","displayName":"Global Administrator","email":"admin@msc365x02.onmicrosoft.com","type":"User","tenantId":"fcac7591-d1b4-4483-9c19-cc9e12c03f7b","userPrincipalName":"admin@msc365x02.onmicrosoft.com"},"allowCustomization":true,"createdOn":"2023-08-02T14:50:16.41Z","lastModifiedOn":"2023-08-04T11:19:08.614Z","connectionReferences":{},"databaseReferences":{}},{"appComponentName":"82aca8fce9f04e4eb2858522aab43549","displayName":"Header","appName":"0954c1d3-6a8a-4656-a770-8c2e705dcf81","appVersion":"2023-08-04T11:21:16Z","appComponentLibraryLogicalName":"msc365_powerlibrary","appDisplayName":"MSc365 - Canvas Power Library","environmentName":"default-fcac7591-d1b4-4483-9c19-cc9e12c03f7b","owner":{"id":"f36c00e4-a1ac-4f8f-9fce-c08ae408d858","displayName":"Global Administrator","email":"admin@msc365x02.onmicrosoft.com","type":"User","tenantId":"fcac7591-d1b4-4483-9c19-cc9e12c03f7b","userPrincipalName":"admin@msc365x02.onmicrosoft.com"},"allowCustomization":true,"createdOn":"2023-08-02T14:50:16.41Z","lastModifiedOn":"2023-08-04T11:19:08.614Z","connectionReferences":{},"databaseReferences":{}},{"appComponentName":"74111e33ec27495e8af66872e8ee4dbd","displayName":"IconSVG","appName":"0954c1d3-6a8a-4656-a770-8c2e705dcf81","appVersion":"2023-08-04T11:21:16Z","appComponentLibraryLogicalName":"msc365_powerlibrary","appDisplayName":"MSc365 - Canvas Power Library","environmentName":"default-fcac7591-d1b4-4483-9c19-cc9e12c03f7b","owner":{"id":"f36c00e4-a1ac-4f8f-9fce-c08ae408d858","displayName":"Global Administrator","email":"admin@msc365x02.onmicrosoft.com","type":"User","tenantId":"fcac7591-d1b4-4483-9c19-cc9e12c03f7b","userPrincipalName":"admin@msc365x02.onmicrosoft.com"},"allowCustomization":true,"createdOn":"2023-08-02T14:50:16.41Z","lastModifiedOn":"2023-08-04T11:19:08.614Z","connectionReferences":{},"databaseReferences":{}},{"appComponentName":"f88db16b54374f71bec399f8bede9e41","displayName":"SearchBox","appName":"0954c1d3-6a8a-4656-a770-8c2e705dcf81","appVersion":"2023-08-04T11:21:16Z","appComponentLibraryLogicalName":"msc365_powerlibrary","appDisplayName":"MSc365 - Canvas Power Library","environmentName":"default-fcac7591-d1b4-4483-9c19-cc9e12c03f7b","owner":{"id":"f36c00e4-a1ac-4f8f-9fce-c08ae408d858","displayName":"Global Administrator","email":"admin@msc365x02.onmicrosoft.com","type":"User","tenantId":"fcac7591-d1b4-4483-9c19-cc9e12c03f7b","userPrincipalName":"admin@msc365x02.onmicrosoft.com"},"allowCustomization":true,"createdOn":"2023-08-02T14:50:16.41Z","lastModifiedOn":"2023-08-04T11:19:08.614Z","connectionReferences":{},"databaseReferences":{}},{"appComponentName":"1630d32a1c8e458d972313a6202495fd","displayName":"Coachmark","appName":"0954c1d3-6a8a-4656-a770-8c2e705dcf81","appVersion":"2023-08-04T11:21:16Z","appComponentLibraryLogicalName":"msc365_powerlibrary","appDisplayName":"MSc365 - Canvas Power Library","environmentName":"default-fcac7591-d1b4-4483-9c19-cc9e12c03f7b","owner":{"id":"f36c00e4-a1ac-4f8f-9fce-c08ae408d858","displayName":"Global Administrator","email":"admin@msc365x02.onmicrosoft.com","type":"User","tenantId":"fcac7591-d1b4-4483-9c19-cc9e12c03f7b","userPrincipalName":"admin@msc365x02.onmicrosoft.com"},"allowCustomization":true,"createdOn":"2023-08-02T14:50:16.41Z","lastModifiedOn":"2023-08-04T11:19:08.614Z","connectionReferences":{},"databaseReferences":{}},{"appComponentName":"950d82f51aca430eb2e7f9182c3c90d0","displayName":"CoachmarkCarousel","appName":"0954c1d3-6a8a-4656-a770-8c2e705dcf81","appVersion":"2023-08-04T11:21:16Z","appComponentLibraryLogicalName":"msc365_powerlibrary","appDisplayName":"MSc365 - Canvas Power Library","environmentName":"default-fcac7591-d1b4-4483-9c19-cc9e12c03f7b","owner":{"id":"f36c00e4-a1ac-4f8f-9fce-c08ae408d858","displayName":"Global Administrator","email":"admin@msc365x02.onmicrosoft.com","type":"User","tenantId":"fcac7591-d1b4-4483-9c19-cc9e12c03f7b","userPrincipalName":"admin@msc365x02.onmicrosoft.com"},"allowCustomization":true,"createdOn":"2023-08-02T14:50:16.41Z","lastModifiedOn":"2023-08-04T11:19:08.614Z","connectionReferences":{},"databaseReferences":{}},{"appComponentName":"0b52c38efee14d98b0c38b2b15157c60","displayName":"CoachmarkImageCarousel","appName":"0954c1d3-6a8a-4656-a770-8c2e705dcf81","appVersion":"2023-08-04T11:21:16Z","appComponentLibraryLogicalName":"msc365_powerlibrary","appDisplayName":"MSc365 - Canvas Power Library","environmentName":"default-fcac7591-d1b4-4483-9c19-cc9e12c03f7b","owner":{"id":"f36c00e4-a1ac-4f8f-9fce-c08ae408d858","displayName":"Global Administrator","email":"admin@msc365x02.onmicrosoft.com","type":"User","tenantId":"fcac7591-d1b4-4483-9c19-cc9e12c03f7b","userPrincipalName":"admin@msc365x02.onmicrosoft.com"},"allowCustomization":true,"createdOn":"2023-08-02T14:50:16.41Z","lastModifiedOn":"2023-08-04T11:19:08.614Z","connectionReferences":{},"databaseReferences":{}},{"appComponentName":"65568a95ebf54567a2cc56c631a54cda","displayName":"LibraryVersion","appName":"0954c1d3-6a8a-4656-a770-8c2e705dcf81","appVersion":"2023-08-04T11:21:16Z","appComponentLibraryLogicalName":"msc365_powerlibrary","appDisplayName":"MSc365 - Canvas Power Library","environmentName":"default-fcac7591-d1b4-4483-9c19-cc9e12c03f7b","owner":{"id":"f36c00e4-a1ac-4f8f-9fce-c08ae408d858","displayName":"Global Administrator","email":"admin@msc365x02.onmicrosoft.com","type":"User","tenantId":"fcac7591-d1b4-4483-9c19-cc9e12c03f7b","userPrincipalName":"admin@msc365x02.onmicrosoft.com"},"allowCustomization":true,"createdOn":"2023-08-02T14:50:16.41Z","lastModifiedOn":"2023-08-04T11:19:08.614Z","connectionReferences":{},"databaseReferences":{}}]</AppComponents>
      <AppComponentDependencies>[]</AppComponentDependencies>
      <CanConsumeAppPass>1</CanConsumeAppPass>
      <CanvasAppType>1</CanvasAppType>
      <BypassConsent>0</BypassConsent>
      <AdminControlBypassConsent>0</AdminControlBypassConsent>
      <EmbeddedApp xsi:nil="true"></EmbeddedApp>
      <IntroducedVersion>1.0</IntroducedVersion>
      <CdsDependencies>{"cdsdependencies":[]}</CdsDependencies>
      <IsCustomizable>1</IsCustomizable>
      <BackgroundImageUri>/CanvasApps/msc365_PowerLibrary_BackgroundImageUri</BackgroundImageUri>
      <DocumentUri>/CanvasApps/msc365_PowerLibrary_DocumentUri.msapp</DocumentUri>
    </CanvasApp>
  </CanvasApps>
  <Languages>
    <Language>1033</Language>
  </Languages>
</ImportExportXml>